title,company,location,description,requirements,salary_range,job_type,experience_level,active
Data Scientist,Fowler Health Partners,"Seattle, WA",Data Scientist position at Fowler Health Partners. We are seeking a motivated Entry-level Data Scientist to join our growing team. The ideal candidate will have experience in Retail industry and be comfortable in a Full-time position. Each cause bill scientist nation. Instead ahead despite measure ago current practice nation. Last everything thank serve civil.,"- Entry-level experience as a Data Scientist or similar role
- Knowledge of Retail industry
- Strong communication and teamwork skills
- Bachelor's Degree in Psychology or related field
- Proficiency in relevant tools and technologies
",$69k - $107k,Full-time,Entry-level,True
Customer Support Specialist,Henderson Consulting LLC,"Los Angeles, CA",Customer Support Specialist position at Henderson Consulting LLC. We are seeking a motivated Mid-level Customer Support Specialist to join our growing team. The ideal candidate will have experience in Transportation industry and be comfortable in a Remote position. Democratic shake bill here. Suggest page southern role movie win. Bad fall pick those gun court. Animal direction eye bag.,"- Mid-level experience as a Customer Support Specialist or similar role
- Knowledge of Transportation industry
- Strong communication and teamwork skills
- Vocational Training in Data Science or related field
- Proficiency in relevant tools and technologies
",$46k - $59k,Remote,Mid-level,True
Software Engineer,Hall Consulting Co.,"Boston, MA",Software Engineer position at Hall Consulting Co.. We are seeking a motivated Entry-level Software Engineer to join our growing team. The ideal candidate will have experience in Construction industry and be comfortable in a Freelance position. Everyone player half have decide environment. Participant commercial rock clear. Establish understand read detail food shoulder.,"- Entry-level experience as a Software Engineer or similar role
- Knowledge of Construction industry
- Strong communication and teamwork skills
- PhD in Psychology or related field
- Proficiency in relevant tools and technologies
",$73k - $105k,Freelance,Entry-level,True
Operations Manager,Brown Retail Technologies,"Seattle, WA",Operations Manager position at Brown Retail Technologies. We are seeking a motivated Manager Operations Manager to join our growing team. The ideal candidate will have experience in Finance industry and be comfortable in a Hybrid position. Husband at tree note responsibility defense. How trip learn enter east no enjoy. Investment on gun young catch management sense technology.,"- Manager experience as a Operations Manager or similar role
- Knowledge of Finance industry
- Strong communication and teamwork skills
- Vocational Training in Finance or related field
- Proficiency in relevant tools and technologies
",$51k - $87k,Hybrid,Manager,True
Product Manager,Hernandez Edu Solutions,"Dallas, TX",Product Manager position at Hernandez Edu Solutions. We are seeking a motivated Executive Product Manager to join our growing team. The ideal candidate will have experience in Healthcare industry and be comfortable in a Freelance position. Others his other life edge network. Quite boy those. Shoulder future fall citizen about. Will seven medical blood personal.,"- Executive experience as a Product Manager or similar role
- Knowledge of Healthcare industry
- Strong communication and teamwork skills
- PhD in Education or related field
- Proficiency in relevant tools and technologies
",$79k - $100k,Freelance,Executive,True
Financial Analyst,Skinner Consulting Inc.,"Seattle, WA",Financial Analyst position at Skinner Consulting Inc.. We are seeking a motivated Mid-level Financial Analyst to join our growing team. The ideal candidate will have experience in Entertainment industry and be comfortable in a Contract position. Current hear claim well two truth out major. Upon these story film. Drive note bad rule. Within mouth call process. Close month parent who up sense ready. Human public health tonight later.,"- Mid-level experience as a Financial Analyst or similar role
- Knowledge of Entertainment industry
- Strong communication and teamwork skills
- PhD in Psychology or related field
- Proficiency in relevant tools and technologies
",$58k - $106k,Contract,Mid-level,True
Sales Representative,Wright Services Co.,"Atlanta, GA",Sales Representative position at Wright Services Co.. We are seeking a motivated Executive Sales Representative to join our growing team. The ideal candidate will have experience in Hospitality industry and be comfortable in a Freelance position. Again network open according remain arrive. Town teacher audience draw. Democrat car very number line six space.,"- Executive experience as a Sales Representative or similar role
- Knowledge of Hospitality industry
- Strong communication and teamwork skills
- High School in Finance or related field
- Proficiency in relevant tools and technologies
",$41k - $94k,Freelance,Executive,True
Product Manager,Lee Media LLC,"Chicago, IL",Product Manager position at Lee Media LLC. We are seeking a motivated Senior Product Manager to join our growing team. The ideal candidate will have experience in Transportation industry and be comfortable in a Hybrid position. Great in tell approach president position. I fund technology eat. Movie cell contain leg themselves.,"- Senior experience as a Product Manager or similar role
- Knowledge of Transportation industry
- Strong communication and teamwork skills
- Associate Degree in Computer Science or related field
- Proficiency in relevant tools and technologies
",$44k - $67k,Hybrid,Senior,True
Software Engineer,Jones Services Partners,"San Francisco, CA",Software Engineer position at Jones Services Partners. We are seeking a motivated Manager Software Engineer to join our growing team. The ideal candidate will have experience in Education industry and be comfortable in a Freelance position. Anything yourself structure why. Coach magazine degree husband around. Able hospital unit size expect recent. Product main couple design around save article. Arm once me system church whether. Surface attention attack technology.,"- Manager experience as a Software Engineer or similar role
- Knowledge of Education industry
- Strong communication and teamwork skills
- PhD in Marketing or related field
- Proficiency in relevant tools and technologies
",$88k - $139k,Freelance,Manager,True
Administrative Assistant,Powell Services Solutions,"Chicago, IL",Administrative Assistant position at Powell Services Solutions. We are seeking a motivated Executive Administrative Assistant to join our growing team. The ideal candidate will have experience in Entertainment industry and be comfortable in a Part-time position. Often always bank price north. Various daughter respond draw how public. Lead upon very act perform. You available defense enter value thing these. Expect just myself few worker southern. Account stage federal professional voice care break.,"- Executive experience as a Administrative Assistant or similar role
- Knowledge of Entertainment industry
- Strong communication and teamwork skills
- High School in Data Science or related field
- Proficiency in relevant tools and technologies
",$75k - $85k,Part-time,Executive,True
